model,ckpt,flores200_eng,flores200_nld,flores200_spa,flores200_fra,flores200_rus,flores200_ita,flores200_tur,flores200_arb,flores200_deu,flores200_zho,xcsqa_eng,xcsqa_nld,xcsqa_spa,xcsqa_fra,xcsqa_rus,xcsqa_ita,xcsqa_tur,xcsqa_arb,xcsqa_deu,xcsqa_zho,hellaswag_eng,hellaswag_nld,hellaswag_spa,hellaswag_fra,hellaswag_rus,hellaswag_ita,hellaswag_tur,hellaswag_arb,hellaswag_deu,hellaswag_zho,belebele_eng,belebele_nld,belebele_spa,belebele_fra,belebele_rus,belebele_ita,belebele_tur,belebele_arb,belebele_deu,belebele_zho,multiblimp_eng,multiblimp_nld,multiblimp_spa,multiblimp_fra,multiblimp_rus,multiblimp_ita,multiblimp_tur,multiblimp_arb,multiblimp_deu,multiblimp_zho
mixed-10-checkpoints,0,0.0,0.0,0.0,0.0,0.0,0.0,0.0,,0.0,,0.211,0.217,0.226,0.18,0.2231,0.2332,,,0.1982,,0.292,0.235,0.267,0.254,0.262,0.253,0.246,,0.274,,0.2378,0.2489,0.2456,0.2378,0.2222,0.2556,0.24,,0.2133,,0.6494,0.553,0.6379,0.584,0.5378,0.5425,0.6625,0.6379,0.5923,
mixed-10-checkpoints,1000,24.8381,19.204,18.0893,10.3899,5.1327,20.8831,14.0032,,20.6838,,0.208,0.24,0.195,0.224,0.211,0.2161,,,0.2143,,0.258,0.238,0.271,0.232,0.238,0.247,0.257,,0.256,,0.2333,0.2156,0.2233,0.2344,0.2222,0.2289,0.2244,,0.2456,,0.7442,0.7254,0.7977,0.7755,0.6086,0.6659,0.6871,0.7366,0.745,
mixed-10-checkpoints,2000,27.6143,19.0431,15.8161,19.4723,6.012,20.6695,15.2888,,22.7193,,0.211,0.208,0.214,0.212,0.2221,0.2171,,,0.2193,,0.271,0.246,0.266,0.261,0.26,0.255,0.297,,0.274,,0.2522,0.2833,0.2478,0.2633,0.2789,0.2633,0.2722,,0.2833,,0.8506,0.87,0.8993,0.9101,0.8134,0.8346,0.7687,0.8395,0.8864,
mixed-10-checkpoints,3000,16.4678,14.9422,18.8596,18.2487,6.2831,17.6913,12.4053,,18.4798,,0.238,0.227,0.226,0.211,0.2099,0.2241,,,0.2414,,0.285,0.262,0.28,0.265,0.275,0.268,0.276,,0.27,,0.2511,0.2933,0.2633,0.2822,0.2856,0.27,0.2778,,0.2833,,0.9,0.9172,0.9327,0.9525,0.8638,0.8763,0.8157,0.8889,0.9169,
mixed-10-checkpoints,4000,17.642,14.8506,15.8141,24.8825,5.4551,18.4922,14.6157,,19.0428,,0.25,0.229,0.231,0.226,0.2211,0.2362,,,0.2435,,0.287,0.273,0.299,0.279,0.283,0.275,0.295,,0.303,,0.2856,0.2922,0.2778,0.2822,0.2722,0.2711,0.2967,,0.2889,,0.9143,0.9425,0.9398,0.9584,0.9029,0.9066,0.8324,0.8947,0.943,
mixed-10-checkpoints,5000,17.6247,21.7225,18.4019,16.2566,4.4035,18.6437,14.9494,,25.8898,,0.272,0.251,0.256,0.237,0.2505,0.2784,,,0.2555,,0.3,0.26,0.302,0.293,0.282,0.284,0.308,,0.31,,0.3,0.3044,0.2822,0.3167,0.2789,0.2944,0.2867,,0.29,,0.9519,0.9554,0.9488,0.9753,0.9295,0.9393,0.884,0.916,0.9539,
mixed-10-checkpoints,6000,31.0971,19.4449,14.3915,16.655,5.932,16.4904,16.1469,,18.6857,,0.307,0.265,0.266,0.264,0.2647,0.2824,,,0.2938,,0.322,0.276,0.318,0.3,0.289,0.284,0.307,,0.316,,0.2989,0.3133,0.3089,0.3233,0.3011,0.2911,0.2911,,0.3078,,0.9494,0.9678,0.9599,0.9792,0.935,0.9436,0.8806,0.9235,0.9604,
mixed-10-checkpoints,7000,24.4932,22.1523,19.4834,26.1404,27.7041,18.895,11.0931,,28.2418,,0.282,0.269,0.265,0.258,0.2576,0.2844,,,0.2746,,0.327,0.285,0.331,0.314,0.296,0.297,0.311,,0.318,,0.2789,0.3178,0.3056,0.3133,0.2844,0.2967,0.2822,,0.3044,,0.961,0.9725,0.9563,0.9843,0.9384,0.9483,0.907,0.9325,0.9708,
mixed-10-checkpoints,8000,25.0414,18.1004,28.2277,23.4895,4.0601,14.7116,15.7124,,26.0394,,0.308,0.283,0.281,0.268,0.2576,0.2995,,,0.2897,,0.352,0.297,0.325,0.323,0.29,0.297,0.315,,0.332,,0.3022,0.3256,0.3022,0.3189,0.3033,0.3022,0.3133,,0.3133,,0.9662,0.9674,0.963,0.9847,0.9507,0.9533,0.9133,0.9276,0.9769,
mixed-10-checkpoints,9000,31.3677,26.4694,27.6474,29.4963,26.1302,27.2332,14.5947,,21.0903,,0.341,0.299,0.29,0.286,0.2606,0.2995,,,0.2897,,0.335,0.307,0.331,0.327,0.302,0.305,0.309,,0.322,,0.3033,0.3189,0.33,0.31,0.3133,0.3067,0.3011,,0.3211,,0.9701,0.9725,0.9626,0.9839,0.9543,0.9593,0.903,0.9383,0.9804,
mixed-10-checkpoints,10000,26.9014,32.2545,18.16,36.7792,27.1473,23.7617,21.0206,,25.8802,,0.365,0.3,0.293,0.28,0.2698,0.3025,,,0.3099,,0.345,0.301,0.353,0.312,0.313,0.317,0.331,,0.341,,0.3089,0.3233,0.3222,0.3411,0.3111,0.3078,0.29,,0.3344,,0.9623,0.9725,0.9677,0.9847,0.9569,0.9643,0.9231,0.9342,0.9756,
mixed-10-checkpoints,11000,23.6339,33.6147,26.8848,27.0363,19.2964,26.5871,18.4094,,37.5827,,0.334,0.31,0.298,0.306,0.2688,0.3095,,,0.3058,,0.355,0.32,0.343,0.34,0.321,0.309,0.336,,0.326,,0.32,0.3244,0.3189,0.3489,0.3033,0.3033,0.3,,0.3278,,0.9571,0.9725,0.9693,0.9816,0.9609,0.9627,0.9259,0.9457,0.9826,
mixed-10-checkpoints,12000,23.3184,33.9681,31.6861,26.5746,15.1853,20.6438,21.5508,,34.5525,,0.363,0.323,0.313,0.318,0.2718,0.3035,,,0.3008,,0.369,0.323,0.365,0.335,0.319,0.33,0.335,,0.327,,0.32,0.3433,0.3367,0.3533,0.3211,0.3111,0.31,,0.34,,0.9727,0.9751,0.9693,0.9835,0.965,0.9633,0.9328,0.944,0.9826,
mixed-10-checkpoints,13000,30.9713,30.1708,27.4615,36.5702,20.1983,27.3568,20.6316,,43.7753,,0.374,0.334,0.3,0.32,0.2617,0.3015,,,0.3129,,0.376,0.315,0.363,0.342,0.314,0.327,0.343,,0.341,,0.32,0.3367,0.3533,0.3311,0.3233,0.3267,0.2922,,0.32,,0.9675,0.9773,0.9728,0.987,0.9658,0.964,0.9294,0.944,0.983,
mixed-10-checkpoints,14000,28.542,26.471,28.373,38.5353,19.0176,17.1103,30.036,,38.4113,,0.373,0.306,0.309,0.31,0.2809,0.3146,,,0.329,,0.382,0.328,0.371,0.353,0.347,0.332,0.338,,0.334,,0.3456,0.33,0.3389,0.3378,0.3233,0.3122,0.2856,,0.3311,,0.9675,0.9777,0.9717,0.9851,0.9661,0.9667,0.9328,0.9399,0.9822,
mixed-10-checkpoints,15000,25.585,39.1686,22.1496,31.137,21.7468,27.0265,34.9954,,44.728,,0.382,0.308,0.315,0.322,0.2718,0.3166,,,0.3219,,0.378,0.331,0.375,0.36,0.334,0.334,0.344,,0.35,,0.3444,0.3411,0.3344,0.3456,0.3144,0.3089,0.3089,,0.3478,,0.9766,0.9794,0.9689,0.991,0.9716,0.966,0.9288,0.9407,0.9813,
mixed-10-checkpoints,16000,27.062,54.0996,30.1311,27.5682,26.6564,29.4376,31.2852,,39.8354,,0.375,0.31,0.31,0.31,0.2708,0.3095,,,0.335,,0.39,0.338,0.371,0.35,0.345,0.352,0.345,,0.343,,0.34,0.3467,0.3478,0.3467,0.3233,0.3211,0.31,,0.3389,,0.9727,0.9803,0.9736,0.9851,0.9642,0.9693,0.9311,0.9424,0.9856,
mixed-10-checkpoints,17000,24.7931,27.8263,24.926,21.9643,29.0065,20.0391,23.0421,,27.0388,,0.379,0.33,0.315,0.319,0.286,0.3327,,,0.336,,0.387,0.336,0.368,0.354,0.34,0.341,0.351,,0.359,,0.3489,0.3522,0.3567,0.3544,0.3444,0.3111,0.3122,,0.3456,,0.9779,0.9816,0.9709,0.9851,0.9726,0.9657,0.9397,0.9465,0.9861,
mixed-10-checkpoints,18000,50.7265,44.9318,33.2845,42.8754,26.8486,27.6969,28.4793,,39.9897,,0.383,0.323,0.316,0.324,0.2799,0.3337,,,0.335,,0.397,0.347,0.38,0.368,0.35,0.343,0.349,,0.351,,0.3556,0.36,0.3522,0.3667,0.3378,0.3311,0.3089,,0.3389,,0.9714,0.9755,0.9736,0.9867,0.9679,0.9697,0.9374,0.9481,0.9835,
mixed-10-checkpoints,19000,28.1208,38.4994,30.2859,28.7115,16.5387,28.226,23.511,,38.1803,,0.379,0.319,0.319,0.322,0.2769,0.3276,,,0.333,,0.404,0.338,0.381,0.37,0.349,0.354,0.351,,0.339,,0.3611,0.3544,0.3611,0.3678,0.3367,0.3267,0.3144,,0.3344,,0.9688,0.9764,0.974,0.9855,0.9716,0.9647,0.9432,0.9358,0.9843,
mixed-10-checkpoints,20000,46.9469,42.477,29.5233,30.5767,31.4949,24.3344,26.3471,,29.8596,,0.384,0.323,0.323,0.317,0.284,0.3317,,,0.3189,,0.41,0.343,0.381,0.36,0.346,0.339,0.341,,0.338,,0.3433,0.3578,0.3533,0.3722,0.3467,0.3322,0.3078,,0.3456,,0.9701,0.9803,0.9717,0.9859,0.9697,0.964,0.9501,0.9432,0.9822,
mixed-10-checkpoints,21000,39.8611,43.9205,31.0468,36.2124,27.5401,34.1106,32.3998,,33.7867,,0.401,0.327,0.322,0.319,0.2901,0.3558,,,0.3441,,0.406,0.359,0.395,0.381,0.352,0.355,0.36,,0.348,,0.3633,0.3544,0.36,0.3633,0.3378,0.3322,0.3111,,0.3578,,0.9675,0.9773,0.9725,0.9827,0.9687,0.9717,0.9455,0.9514,0.9869,
mixed-10-checkpoints,22000,42.5381,27.8118,33.8408,45.1197,34.8543,29.1376,36.6402,,34.7799,,0.399,0.317,0.312,0.308,0.2911,0.3367,,,0.331,,0.408,0.354,0.394,0.356,0.353,0.364,0.363,,0.351,,0.3578,0.3589,0.3778,0.3756,0.3522,0.3422,0.3244,,0.3711,,0.9701,0.9816,0.9728,0.9863,0.97,0.9707,0.9351,0.949,0.9843,
mixed-10-checkpoints,23000,30.9706,30.0697,33.2888,30.6618,25.1596,28.2683,41.307,,27.0969,,0.404,0.336,0.312,0.34,0.3093,0.3397,,,0.3531,,0.415,0.342,0.386,0.37,0.352,0.349,0.368,,0.353,,0.36,0.3433,0.3467,0.3711,0.3433,0.33,0.3133,,0.3656,,0.9779,0.9794,0.9752,0.987,0.9703,0.9677,0.9524,0.9498,0.9865,
mixed-10-checkpoints,24000,28.9884,29.4586,31.7429,24.7999,25.8105,27.1938,27.4536,,33.0651,,0.4,0.328,0.337,0.333,0.286,0.3437,,,0.3581,,0.419,0.353,0.392,0.392,0.357,0.361,0.367,,0.365,,0.3544,0.3511,0.3578,0.3656,0.3378,0.3356,0.3222,,0.3656,,0.9675,0.9824,0.974,0.987,0.9729,0.972,0.9455,0.949,0.9843,
mixed-10-checkpoints,25000,28.6374,29.2159,29.1842,25.4556,11.6236,26.4098,42.036,,31.6123,,0.392,0.335,0.331,0.325,0.3053,0.3317,,,0.339,,0.423,0.353,0.389,0.382,0.362,0.359,0.374,,0.363,,0.3422,0.3644,0.3489,0.3611,0.3411,0.3356,0.3222,,0.37,,0.9688,0.9824,0.974,0.9898,0.97,0.9707,0.946,0.944,0.983,
mixed-10-checkpoints,26000,23.7269,29.7532,40.7749,32.517,34.653,34.429,24.7449,,33.4556,,0.394,0.34,0.333,0.329,0.2921,0.3337,,,0.3511,,0.41,0.364,0.392,0.381,0.354,0.36,0.363,,0.356,,0.3578,0.3711,0.3744,0.3744,0.3367,0.3344,0.3211,,0.3667,,0.9714,0.976,0.9721,0.9878,0.9718,0.97,0.942,0.9432,0.9839,
mixed-10-checkpoints,27000,50.4301,42.0523,49.1816,50.1249,28.2599,31.3563,35.212,,37.2683,,0.402,0.326,0.331,0.329,0.2941,0.3598,,,0.3421,,0.427,0.356,0.38,0.381,0.365,0.366,0.365,,0.369,,0.3478,0.3744,0.3811,0.3689,0.3478,0.3422,0.3367,,0.3544,,0.974,0.9807,0.9752,0.9863,0.9729,0.972,0.9443,0.9547,0.9865,
mixed-10-checkpoints,28000,51.3512,37.1874,29.0107,29.1287,27.5054,32.4203,50.167,,33.3302,,0.41,0.326,0.33,0.332,0.2759,0.3387,,,0.341,,0.436,0.36,0.397,0.389,0.355,0.355,0.362,,0.363,,0.3544,0.3467,0.37,0.3611,0.3456,0.3222,0.3156,,0.3622,,0.9649,0.9837,0.974,0.9851,0.9721,0.967,0.946,0.9506,0.9865,
mixed-10-checkpoints,29000,40.7003,47.7073,29.3459,47.6046,24.7577,31.5254,38.3137,,35.5293,,0.413,0.31,0.33,0.306,0.2911,0.3387,,,0.34,,0.435,0.367,0.407,0.396,0.361,0.382,0.371,,0.37,,0.35,0.3589,0.3744,0.3778,0.3378,0.3322,0.3333,,0.3733,,0.9636,0.9785,0.9721,0.9859,0.9726,0.9717,0.9518,0.9457,0.99,
mixed-10-checkpoints,30000,47.4011,41.4067,37.9977,42.813,22.6965,36.6504,32.094,,34.2101,,0.42,0.323,0.342,0.328,0.3012,0.3467,,,0.3571,,0.437,0.371,0.397,0.396,0.372,0.388,0.375,,0.367,,0.3522,0.3522,0.36,0.3678,0.3511,0.3633,0.3333,,0.38,,0.9662,0.985,0.9736,0.9831,0.9747,0.9737,0.942,0.9424,0.9913,
mixed-10-checkpoints,31000,47.4011,37.6664,27.6207,31.5465,37.8173,30.6418,24.1386,,32.2631,,0.408,0.339,0.336,0.316,0.2951,0.3628,,,0.3451,,0.427,0.364,0.403,0.381,0.351,0.377,0.379,,0.372,,0.36,0.3622,0.3589,0.3789,0.3522,0.3456,0.3311,,0.3667,,0.9714,0.9755,0.9764,0.9882,0.9723,0.972,0.9495,0.9514,0.9852,
mixed-10-checkpoints,32000,47.9347,43.1437,39.9608,33.6058,35.9825,35.4968,31.2274,,32.5575,,0.403,0.341,0.329,0.305,0.283,0.3508,,,0.333,,0.439,0.373,0.403,0.401,0.362,0.375,0.374,,0.368,,0.35,0.3544,0.3644,0.3733,0.3444,0.3311,0.3178,,0.3533,,0.9688,0.9807,0.976,0.991,0.9752,0.9757,0.9552,0.9514,0.9869,
mixed-10-checkpoints,33000,46.4269,51.3689,34.6396,40.0813,24.655,30.1481,26.18,,29.8716,,0.404,0.33,0.328,0.338,0.289,0.3487,,,0.3642,,0.434,0.375,0.398,0.387,0.362,0.379,0.384,,0.375,,0.3667,0.3789,0.3744,0.3889,0.3667,0.3478,0.3222,,0.3622,,0.9779,0.9824,0.9752,0.9898,0.977,0.975,0.9478,0.9457,0.9861,
mixed-10-checkpoints,34000,43.9925,36.0457,26.3095,36.5972,22.3114,28.5617,25.8925,,24.5672,,0.401,0.32,0.306,0.313,0.287,0.3397,,,0.3481,,0.455,0.377,0.414,0.393,0.37,0.387,0.383,,0.377,,0.3733,0.3589,0.3544,0.3867,0.3567,0.3456,0.3344,,0.3644,,0.9714,0.9803,0.9744,0.9882,0.9752,0.973,0.9466,0.9498,0.9874,
mixed-10-checkpoints,35000,44.4123,40.3612,34.3378,39.1077,26.2348,36.3352,24.8879,,23.5711,,0.397,0.335,0.336,0.31,0.289,0.3548,,,0.3592,,0.453,0.378,0.408,0.388,0.368,0.382,0.378,,0.374,,0.3678,0.36,0.3789,0.3933,0.3567,0.3378,0.3333,,0.3667,,0.9688,0.9794,0.9752,0.9831,0.9736,0.976,0.9489,0.9564,0.9852,
mixed-10-checkpoints,36000,24.1515,36.8537,35.3385,43.0316,23.3496,33.7631,33.132,,40.2697,,0.409,0.327,0.338,0.329,0.2799,0.3698,,,0.3501,,0.447,0.382,0.415,0.385,0.376,0.384,0.385,,0.373,,0.3778,0.3667,0.3767,0.38,0.3578,0.3589,0.3344,,0.3933,,0.9675,0.9794,0.9721,0.9898,0.9742,0.973,0.9518,0.9473,0.9839,
mixed-10-checkpoints,37000,27.6558,31.044,40.0778,44.7606,27.2695,28.761,32.3276,,24.8659,,0.425,0.344,0.326,0.337,0.2809,0.3608,,,0.3722,,0.453,0.373,0.416,0.397,0.372,0.371,0.381,,0.377,,0.3511,0.3556,0.3733,0.3711,0.3656,0.3578,0.3233,,0.3644,,0.9766,0.9773,0.974,0.9867,0.9734,0.973,0.946,0.9473,0.9848,
mixed-10-checkpoints,38000,42.0842,30.3674,29.8556,46.204,30.3651,24.0936,39.2693,,33.3337,,0.429,0.326,0.351,0.355,0.3083,0.3568,,,0.3501,,0.44,0.376,0.414,0.402,0.362,0.39,0.384,,0.382,,0.3789,0.3744,0.3889,0.3833,0.3622,0.36,0.3367,,0.3711,,0.9688,0.9828,0.978,0.9882,0.9796,0.9717,0.9512,0.9481,0.9869,
mixed-10-checkpoints,39000,43.8827,27.7254,30.6703,33.185,26.2699,31.2643,22.7275,,30.9929,,0.425,0.335,0.351,0.335,0.2901,0.3538,,,0.3521,,0.457,0.371,0.427,0.397,0.378,0.388,0.382,,0.381,,0.3544,0.3622,0.3778,0.38,0.3478,0.3489,0.3233,,0.3789,,0.9779,0.982,0.976,0.9874,0.977,0.97,0.9449,0.9498,0.9878,
mixed-10-checkpoints,40000,28.9007,23.2884,38.7108,37.9468,28.8651,27.0216,24.1395,,34.2101,,0.423,0.329,0.334,0.333,0.3063,0.3628,,,0.3692,,0.455,0.379,0.425,0.406,0.384,0.387,0.377,,0.384,,0.3622,0.36,0.3778,0.38,0.3589,0.3433,0.3333,,0.3733,,0.9662,0.9824,0.9752,0.989,0.976,0.9733,0.9472,0.9465,0.9856,
mixed-10-checkpoints,41000,41.7588,37.3334,27.9697,33.0458,22.7065,28.4906,28.4077,,30.8667,,0.438,0.335,0.35,0.344,0.2951,0.3477,,,0.3602,,0.469,0.384,0.432,0.398,0.381,0.407,0.384,,0.388,,0.3656,0.37,0.3789,0.3911,0.3578,0.3567,0.3278,,0.3811,,0.9727,0.9846,0.9752,0.9878,0.976,0.9723,0.9524,0.9523,0.9861,
mixed-10-checkpoints,42000,38.9046,38.8086,37.4273,31.5517,21.6912,26.9278,29.9398,,37.0739,,0.437,0.348,0.347,0.334,0.3043,0.3568,,,0.3692,,0.468,0.393,0.423,0.418,0.383,0.409,0.394,,0.384,,0.3767,0.3611,0.3744,0.3933,0.36,0.3644,0.3367,,0.3744,,0.9701,0.9854,0.9728,0.9882,0.9749,0.9697,0.9604,0.9481,0.9856,
mixed-10-checkpoints,43000,45.5356,36.7692,25.3725,36.4063,31.591,26.4561,28.2226,,43.1173,,0.431,0.338,0.347,0.334,0.2972,0.3608,,,0.3642,,0.481,0.395,0.425,0.415,0.388,0.408,0.389,,0.382,,0.38,0.3778,0.3867,0.4033,0.3689,0.3611,0.3456,,0.39,,0.9688,0.9846,0.9791,0.9878,0.9773,0.971,0.9546,0.9556,0.9896,
mixed-10-checkpoints,44000,30.8552,32.7464,28.6427,48.5224,26.3573,22.5419,30.9345,,38.472,,0.434,0.341,0.347,0.326,0.3002,0.3809,,,0.3632,,0.479,0.403,0.446,0.406,0.382,0.412,0.396,,0.387,,0.3644,0.3578,0.3867,0.3967,0.3622,0.3467,0.3422,,0.3789,,0.9649,0.9833,0.974,0.9878,0.9749,0.9737,0.9552,0.9514,0.9896,
mixed-10-checkpoints,45000,43.5714,32.7464,34.5028,37.1194,34.2149,30.0,41.5157,,41.8065,,0.45,0.343,0.353,0.344,0.3053,0.3789,,,0.3602,,0.478,0.391,0.44,0.411,0.392,0.406,0.4,,0.38,,0.3678,0.3733,0.3856,0.39,0.3611,0.3611,0.3422,,0.3878,,0.9727,0.9824,0.9784,0.987,0.9783,0.9707,0.9535,0.9473,0.9896,
mixed-10-checkpoints,46000,37.0213,33.5419,30.0786,40.075,25.022,21.4997,28.1326,,38.1077,,0.451,0.344,0.347,0.339,0.3063,0.3749,,,0.3511,,0.492,0.393,0.437,0.418,0.387,0.415,0.405,,0.384,,0.3811,0.3733,0.3911,0.3989,0.3678,0.3578,0.3478,,0.3867,,0.9727,0.9854,0.978,0.9906,0.9786,0.9723,0.9592,0.9539,0.9891,
mixed-10-checkpoints,47000,37.0213,51.5995,32.1198,37.1194,32.2861,26.4732,35.0994,,38.472,,0.452,0.345,0.351,0.337,0.3083,0.3719,,,0.3581,,0.482,0.393,0.447,0.426,0.396,0.415,0.401,,0.386,,0.3811,0.3789,0.3822,0.4022,0.3756,0.3644,0.3433,,0.3867,,0.9727,0.9871,0.978,0.9906,0.9786,0.9743,0.9581,0.9514,0.9896,
mixed-10-checkpoints,47684,42.2039,26.6938,35.6339,40.075,29.725,34.4766,34.9588,,38.472,,0.457,0.347,0.352,0.337,0.3063,0.3698,,,0.3581,,0.485,0.398,0.444,0.423,0.392,0.417,0.4,,0.384,,0.3833,0.3789,0.3844,0.4078,0.3656,0.3633,0.3433,,0.3878,,0.9753,0.9858,0.9791,0.991,0.9783,0.9723,0.9569,0.9523,0.99,
merged-10-checkpoints,1000,0.0,0.0,0.0,2.8411,5.373,0.0,3.4737,,0.0,,0.214,0.21,0.208,0.187,0.213,0.2151,,,0.1962,,0.258,0.25,0.268,0.248,0.269,0.276,0.243,,0.275,,0.2267,0.2344,0.2378,0.2289,0.2311,0.2389,0.2356,,0.2189,,0.6701,0.5761,0.6816,0.633,0.536,0.5575,0.6877,0.665,0.668,
merged-10-checkpoints,2000,0.0,0.0,0.0,0.0,0.0,0.0,0.0,,0.0,,0.214,0.21,0.22,0.182,0.214,0.2231,,,0.2012,,0.242,0.249,0.264,0.25,0.262,0.265,0.234,,0.269,,0.23,0.2456,0.2478,0.2444,0.2356,0.2511,0.2333,,0.2267,,0.6636,0.5646,0.6871,0.624,0.5462,0.5609,0.6722,0.6551,0.658,
merged-10-checkpoints,3000,2.7607,2.3302,2.3064,2.8683,0.0,0.0,0.0,,0.0,,0.222,0.202,0.211,0.184,0.212,0.2111,,,0.2042,,0.257,0.239,0.258,0.245,0.259,0.248,0.237,,0.261,,0.2256,0.2322,0.2267,0.2278,0.23,0.2444,0.2367,,0.23,,0.6688,0.5736,0.6718,0.626,0.5391,0.5572,0.6831,0.6453,0.6475,
merged-10-checkpoints,4000,2.6883,2.0099,2.2791,2.3015,2.4968,2.8375,2.3627,,2.1344,,0.216,0.197,0.215,0.179,0.2312,0.2221,,,0.2052,,0.282,0.221,0.268,0.218,0.26,0.268,0.254,,0.253,,0.22,0.24,0.2244,0.23,0.2289,0.2333,0.2222,,0.2311,,0.6649,0.5556,0.66,0.626,0.5331,0.5332,0.6699,0.6379,0.6262,
merged-10-checkpoints,5000,2.3427,2.1277,2.4877,2.1528,2.5088,2.9679,2.4286,,2.2078,,0.229,0.208,0.213,0.179,0.2069,0.2171,,,0.2072,,0.264,0.221,0.282,0.242,0.262,0.262,0.253,,0.264,,0.2267,0.2211,0.2178,0.2467,0.2433,0.2344,0.2233,,0.2278,,0.6584,0.562,0.6588,0.6303,0.5324,0.5342,0.6711,0.6617,0.6414,
merged-10-checkpoints,6000,2.5977,2.0828,2.2088,2.3826,2.5848,2.5613,2.3717,,2.2098,,0.223,0.213,0.213,0.194,0.211,0.2191,,,0.1992,,0.266,0.242,0.266,0.244,0.265,0.256,0.245,,0.263,,0.2389,0.2378,0.2256,0.2489,0.2411,0.2411,0.2211,,0.2311,,0.6636,0.577,0.6592,0.5977,0.5334,0.5398,0.6527,0.6527,0.6279,
merged-10-checkpoints,7000,2.418,2.0126,2.1297,2.2178,2.4954,2.5613,2.2897,,2.1334,,0.232,0.223,0.212,0.201,0.2201,0.2161,,,0.2052,,0.258,0.246,0.278,0.238,0.266,0.264,0.238,,0.259,,0.2389,0.23,0.2289,0.2444,0.2367,0.24,0.2211,,0.2311,,0.6571,0.5551,0.6635,0.5824,0.5347,0.5265,0.6584,0.623,0.6558,
merged-10-checkpoints,8000,2.5079,1.8324,2.2088,2.1359,2.3171,2.2889,2.1261,,1.981,,0.229,0.222,0.213,0.195,0.2221,0.2251,,,0.2032,,0.26,0.242,0.277,0.24,0.26,0.256,0.245,,0.249,,0.2222,0.2411,0.2356,0.2356,0.2344,0.2322,0.2233,,0.2389,,0.6792,0.5616,0.6564,0.5989,0.547,0.5315,0.6877,0.6584,0.6406,
merged-10-checkpoints,9000,1.8812,1.6212,1.6568,2.054,2.05,2.2889,1.7752,,1.7526,,0.233,0.218,0.209,0.196,0.2181,0.2342,,,0.2042,,0.263,0.243,0.285,0.234,0.268,0.26,0.247,,0.265,,0.2333,0.2378,0.2311,0.24,0.24,0.2333,0.2189,,0.2456,,0.674,0.5217,0.658,0.6091,0.5425,0.5302,0.6831,0.6428,0.6271,
merged-10-checkpoints,10000,2.0603,1.6866,1.8948,1.8897,2.05,2.2902,1.881,,1.7526,,0.234,0.216,0.221,0.188,0.2191,0.2332,,,0.2082,,0.261,0.249,0.272,0.245,0.259,0.262,0.237,,0.257,,0.23,0.2467,0.2444,0.2344,0.2322,0.24,0.2222,,0.2411,,0.6935,0.4955,0.6482,0.6064,0.5329,0.5318,0.6757,0.679,0.6375,
merged-10-checkpoints,11000,2.3605,2.2267,2.3051,2.8777,2.9941,2.1546,2.0416,,1.8417,,0.236,0.222,0.219,0.188,0.2262,0.2322,,,0.2082,,0.25,0.247,0.283,0.246,0.246,0.258,0.247,,0.259,,0.2289,0.25,0.2367,0.2422,0.2356,0.2422,0.2189,,0.2378,,0.7143,0.4753,0.6564,0.6115,0.5517,0.5475,0.69,0.6634,0.6436,
merged-10-checkpoints,12000,2.3613,2.2275,2.9129,3.1689,2.8931,2.56,2.1359,,1.9705,,0.234,0.224,0.22,0.192,0.2211,0.2251,,,0.2032,,0.265,0.246,0.278,0.255,0.253,0.269,0.252,,0.256,,0.2278,0.2611,0.24,0.2444,0.2344,0.2433,0.2233,,0.2244,,0.687,0.5079,0.6364,0.5985,0.5522,0.5472,0.6871,0.6379,0.6453,
merged-10-checkpoints,13000,2.4699,2.3298,2.9129,3.1689,2.9972,2.4244,2.1359,,2.0609,,0.231,0.224,0.215,0.193,0.2191,0.2241,,,0.2022,,0.26,0.247,0.283,0.253,0.257,0.261,0.244,,0.254,,0.2378,0.2511,0.2356,0.2478,0.2256,0.2356,0.2267,,0.2333,,0.7,0.4556,0.6332,0.6158,0.5451,0.5565,0.6889,0.6239,0.644,
merged-10-checkpoints,14000,2.3622,2.2282,2.5067,3.1689,2.5791,2.2889,2.0428,,1.971,,0.231,0.216,0.216,0.191,0.216,0.2191,,,0.2072,,0.265,0.239,0.279,0.239,0.26,0.258,0.251,,0.252,,0.23,0.2556,0.2367,0.2422,0.2267,0.2456,0.2344,,0.24,,0.7169,0.4831,0.6431,0.604,0.5527,0.5685,0.6739,0.6642,0.6506,
merged-10-checkpoints,15000,2.3622,2.2282,2.5067,3.1689,2.5791,2.0178,2.0428,,1.971,,0.221,0.215,0.216,0.193,0.2272,0.2161,,,0.2012,,0.254,0.251,0.276,0.238,0.26,0.265,0.254,,0.259,,0.2289,0.26,0.2356,0.2356,0.2256,0.2444,0.2367,,0.2278,,0.7208,0.4715,0.6454,0.6091,0.5506,0.5428,0.6837,0.6535,0.6393,
merged-10-checkpoints,16000,2.3622,2.2282,2.8103,3.1689,2.8915,2.0178,2.0428,,1.971,,0.224,0.222,0.214,0.186,0.2252,0.2141,,,0.2012,,0.256,0.25,0.268,0.239,0.258,0.274,0.25,,0.256,,0.2422,0.2556,0.2333,0.2367,0.2322,0.2489,0.2422,,0.2433,,0.7195,0.4942,0.6494,0.6075,0.5548,0.5595,0.694,0.6346,0.641,
merged-10-checkpoints,17000,2.3622,2.2282,2.5067,3.0272,2.5791,2.1533,2.0428,,1.971,,0.224,0.218,0.212,0.189,0.217,0.2121,,,0.2062,,0.258,0.253,0.274,0.251,0.261,0.264,0.256,,0.243,,0.23,0.2511,0.2367,0.2367,0.2289,0.2467,0.2433,,0.2489,,0.7117,0.4873,0.6505,0.6087,0.5339,0.5422,0.6848,0.656,0.6371,
merged-10-checkpoints,18000,2.2552,2.1273,2.407,3.0272,2.4765,2.2889,1.9503,,1.8818,,0.227,0.223,0.212,0.189,0.2252,0.2121,,,0.2052,,0.252,0.244,0.269,0.246,0.257,0.27,0.252,,0.248,,0.2367,0.2656,0.2322,0.24,0.2311,0.2467,0.2222,,0.2311,,0.7026,0.4839,0.6403,0.6181,0.5373,0.5448,0.6958,0.6576,0.6262,
merged-10-checkpoints,19000,2.2552,2.1273,2.407,3.0272,2.4765,2.1533,1.9503,,1.8818,,0.226,0.218,0.213,0.183,0.2272,0.2251,,,0.2072,,0.255,0.245,0.273,0.242,0.258,0.268,0.25,,0.252,,0.2333,0.2567,0.2467,0.2444,0.2289,0.2378,0.2344,,0.2433,,0.7091,0.4968,0.6631,0.6185,0.5373,0.5238,0.6854,0.665,0.6175,
merged-10-checkpoints,20000,2.2552,2.1273,2.407,3.1689,2.4765,2.1533,1.9503,,1.8818,,0.217,0.222,0.211,0.187,0.2292,0.2211,,,0.2062,,0.246,0.25,0.27,0.248,0.264,0.271,0.246,,0.253,,0.24,0.2533,0.2422,0.2356,0.2322,0.2378,0.23,,0.2433,,0.7182,0.4698,0.6702,0.6075,0.5433,0.5295,0.69,0.6765,0.6205,
merged-10-checkpoints,21000,2.2552,2.1273,2.407,3.0272,2.4765,2.1533,1.9503,,1.8818,,0.225,0.219,0.212,0.189,0.2241,0.2161,,,0.2093,,0.247,0.248,0.271,0.241,0.27,0.264,0.249,,0.255,,0.2467,0.2556,0.2356,0.2411,0.23,0.2456,0.2322,,0.2344,,0.713,0.4852,0.6797,0.6119,0.5384,0.5465,0.694,0.6691,0.6162,
merged-10-checkpoints,22000,2.2552,2.1273,2.407,3.0272,2.4765,2.1533,1.7065,,1.8818,,0.22,0.221,0.223,0.182,0.2272,0.2191,,,0.2062,,0.246,0.242,0.261,0.247,0.271,0.269,0.243,,0.258,,0.2511,0.2478,0.2522,0.2444,0.2311,0.2478,0.2311,,0.2356,,0.7182,0.4882,0.684,0.626,0.5498,0.5475,0.686,0.6593,0.6105,
merged-10-checkpoints,23000,2.2552,2.1273,2.407,3.0272,2.4765,2.1533,1.9503,,1.8818,,0.21,0.219,0.22,0.187,0.2333,0.2201,,,0.1972,,0.247,0.255,0.264,0.24,0.261,0.258,0.241,,0.256,,0.25,0.2556,0.2467,0.2456,0.2233,0.2489,0.2267,,0.2344,,0.7117,0.5577,0.6836,0.626,0.529,0.5398,0.6797,0.6453,0.6188,
merged-10-checkpoints,24000,2.2552,2.1273,2.407,3.0272,2.4765,2.1533,1.9503,,1.8818,,0.216,0.218,0.217,0.186,0.2282,0.2241,,,0.2022,,0.241,0.251,0.267,0.238,0.266,0.264,0.245,,0.253,,0.2489,0.2478,0.2344,0.2378,0.2322,0.2344,0.2322,,0.2311,,0.7247,0.5341,0.6773,0.6158,0.5269,0.5312,0.6848,0.6494,0.6236,
merged-10-checkpoints,25000,2.2552,2.1273,2.407,3.0272,2.4765,2.1533,1.9503,,1.8818,,0.217,0.22,0.214,0.187,0.2302,0.2221,,,0.2062,,0.244,0.255,0.267,0.241,0.263,0.262,0.24,,0.256,,0.2478,0.2422,0.2411,0.2333,0.2356,0.2433,0.2256,,0.2256,,0.7091,0.5719,0.682,0.6193,0.5342,0.5258,0.678,0.6469,0.6153,
merged-10-checkpoints,26000,2.2552,2.1273,2.407,3.0272,2.4765,2.0191,1.9503,,1.8818,,0.218,0.219,0.219,0.187,0.2221,0.2241,,,0.2022,,0.24,0.244,0.259,0.229,0.27,0.265,0.251,,0.256,,0.2489,0.2422,0.2422,0.2333,0.2289,0.2489,0.2289,,0.2267,,0.7026,0.5324,0.6804,0.6205,0.5329,0.5205,0.6877,0.6486,0.6166,
merged-10-checkpoints,27000,2.1483,2.1273,2.407,3.0272,2.4765,1.8835,1.8577,,1.8818,,0.222,0.213,0.222,0.189,0.2181,0.2181,,,0.2022,,0.253,0.253,0.263,0.236,0.264,0.265,0.243,,0.249,,0.2467,0.2533,0.2456,0.2378,0.2278,0.2511,0.2289,,0.2167,,0.7052,0.5414,0.6797,0.6181,0.5284,0.5258,0.6883,0.656,0.6218,
merged-10-checkpoints,28000,2.2552,2.1273,2.3072,3.0272,2.3739,1.8835,1.9503,,1.8818,,0.221,0.218,0.226,0.187,0.2201,0.2171,,,0.1992,,0.248,0.25,0.274,0.236,0.257,0.265,0.24,,0.255,,0.25,0.2467,0.25,0.2444,0.2278,0.2489,0.2244,,0.2233,,0.6987,0.532,0.6777,0.6068,0.5204,0.5148,0.6958,0.6469,0.6245,
merged-10-checkpoints,29000,2.1483,2.0264,2.407,3.0272,2.4765,2.1533,1.9503,,1.7925,,0.219,0.219,0.219,0.187,0.217,0.2181,,,0.2002,,0.255,0.249,0.256,0.232,0.254,0.259,0.241,,0.254,,0.2522,0.2367,0.2411,0.2422,0.2233,0.2522,0.2322,,0.2233,,0.7065,0.5727,0.6958,0.6115,0.524,0.5238,0.686,0.6469,0.6379,
merged-10-checkpoints,30000,2.1483,2.0264,2.3072,3.0272,2.3739,2.0178,1.8577,,1.7925,,0.217,0.22,0.222,0.193,0.2191,0.2201,,,0.2002,,0.248,0.256,0.26,0.245,0.252,0.255,0.25,,0.256,,0.2578,0.2511,0.2444,0.2356,0.2222,0.2456,0.2311,,0.2244,,0.7117,0.5097,0.6785,0.604,0.5157,0.5365,0.6728,0.6477,0.631,
merged-10-checkpoints,31000,2.1483,2.0264,2.3072,3.0272,2.3739,2.0178,1.8577,,1.7925,,0.22,0.215,0.216,0.188,0.214,0.2231,,,0.1982,,0.255,0.254,0.265,0.237,0.261,0.257,0.244,,0.269,,0.2411,0.2467,0.2378,0.2478,0.2256,0.2467,0.2411,,0.2256,,0.713,0.5272,0.6848,0.6115,0.5222,0.5332,0.6808,0.6626,0.6301,
merged-10-checkpoints,32000,2.1483,2.0264,2.3072,3.0272,2.3739,2.0178,1.8577,,1.7925,,0.217,0.223,0.218,0.195,0.213,0.2251,,,0.1992,,0.251,0.243,0.259,0.237,0.254,0.261,0.242,,0.261,,0.2489,0.2533,0.2389,0.2533,0.2233,0.2456,0.24,,0.2256,,0.7182,0.5564,0.6848,0.6346,0.5219,0.5285,0.6757,0.6535,0.6319,
merged-10-checkpoints,33000,2.1483,2.0264,2.3072,3.0272,2.3739,2.0178,1.8577,,1.7925,,0.216,0.226,0.221,0.19,0.214,0.2191,,,0.1972,,0.248,0.246,0.261,0.242,0.257,0.246,0.254,,0.261,,0.2411,0.2489,0.24,0.2444,0.2311,0.2511,0.2389,,0.2211,,0.7156,0.5624,0.68,0.6334,0.5188,0.5342,0.6688,0.6453,0.6284,
merged-10-checkpoints,34000,1.8798,1.8149,2.0188,2.6488,2.0638,1.6481,1.4636,,1.7642,,0.217,0.219,0.213,0.188,0.2231,0.2231,,,0.1932,,0.25,0.253,0.262,0.248,0.254,0.262,0.245,,0.27,,0.2511,0.2489,0.2389,0.2567,0.2311,0.2478,0.2344,,0.2278,,0.7078,0.5238,0.6623,0.6303,0.5237,0.5378,0.6762,0.6329,0.6218,
merged-10-checkpoints,35000,2.1483,2.0264,2.3072,3.0272,2.3739,1.8835,1.8577,,1.7925,,0.213,0.216,0.211,0.19,0.2262,0.2322,,,0.1942,,0.249,0.252,0.254,0.244,0.249,0.26,0.248,,0.261,,0.2433,0.2522,0.2378,0.2489,0.2333,0.2422,0.2289,,0.22,,0.7039,0.5105,0.6667,0.6319,0.5337,0.5355,0.6734,0.6362,0.6288,
merged-10-checkpoints,36000,2.1483,2.0264,2.3072,3.0272,2.0638,1.8835,1.8577,,1.7925,,0.223,0.223,0.208,0.187,0.2252,0.2392,,,0.2042,,0.249,0.248,0.265,0.238,0.256,0.263,0.238,,0.272,,0.2478,0.2667,0.24,0.2511,0.2278,0.2467,0.2322,,0.2278,,0.7299,0.5002,0.6596,0.6354,0.5433,0.5382,0.6716,0.6486,0.631,
merged-10-checkpoints,37000,2.1483,2.0264,2.3072,3.0272,2.3739,2.0178,1.8577,,1.7925,,0.214,0.216,0.218,0.187,0.214,0.2261,,,0.1922,,0.254,0.246,0.262,0.242,0.25,0.267,0.237,,0.257,,0.2422,0.2533,0.24,0.24,0.2267,0.25,0.2233,,0.22,,0.7221,0.4869,0.6698,0.6268,0.5368,0.5208,0.6711,0.6658,0.6201,
merged-10-checkpoints,38000,2.1483,2.0264,2.3072,3.0272,2.3739,2.0178,1.8577,,1.7925,,0.217,0.219,0.216,0.184,0.2191,0.2342,,,0.1962,,0.24,0.251,0.267,0.246,0.244,0.266,0.228,,0.244,,0.2433,0.2556,0.2344,0.2411,0.2233,0.2511,0.2344,,0.2256,,0.7078,0.4831,0.6564,0.6256,0.5261,0.5268,0.6751,0.651,0.6292,
merged-10-checkpoints,39000,2.1483,1.7216,2.3072,3.0272,2.0638,1.5229,1.5784,,1.7925,,0.213,0.219,0.211,0.18,0.217,0.2291,,,0.1972,,0.252,0.248,0.256,0.243,0.252,0.273,0.242,,0.248,,0.2444,0.2578,0.2344,0.2356,0.2267,0.2522,0.2356,,0.23,,0.7039,0.4955,0.6757,0.6342,0.5264,0.5338,0.6814,0.6634,0.6305,
merged-10-checkpoints,40000,2.1483,2.0264,2.3072,3.0272,2.0638,1.8835,1.5784,,1.5229,,0.211,0.218,0.211,0.184,0.212,0.2291,,,0.1942,,0.249,0.245,0.244,0.245,0.267,0.266,0.243,,0.258,,0.24,0.2511,0.2433,0.2378,0.2289,0.2567,0.2389,,0.2244,,0.7156,0.4882,0.6659,0.6315,0.5162,0.5168,0.6728,0.6551,0.6162,
merged-10-checkpoints,41000,2.1483,2.0264,2.3072,3.0272,2.3739,1.8835,1.8577,,1.7925,,0.212,0.212,0.214,0.177,0.216,0.2312,,,0.1942,,0.248,0.245,0.254,0.24,0.259,0.257,0.247,,0.26,,0.2411,0.2522,0.2367,0.2378,0.2267,0.2567,0.2311,,0.2244,,0.7182,0.4732,0.6647,0.6319,0.5297,0.5175,0.6734,0.6576,0.6162,
merged-10-checkpoints,42000,2.1483,2.0264,2.3072,3.0272,2.0638,1.8835,1.5784,,1.7925,,0.214,0.21,0.215,0.174,0.2211,0.2322,,,0.2012,,0.247,0.24,0.251,0.239,0.256,0.264,0.242,,0.256,,0.2389,0.2456,0.24,0.2322,0.2256,0.2522,0.2289,,0.2222,,0.7182,0.4573,0.6639,0.6193,0.5318,0.5038,0.6722,0.6469,0.6118,
merged-10-checkpoints,43000,1.8251,1.7216,2.3072,3.0272,2.0638,1.8835,1.5784,,1.7925,,0.222,0.209,0.211,0.18,0.217,0.2261,,,0.1992,,0.25,0.248,0.25,0.239,0.259,0.262,0.25,,0.251,,0.2389,0.2433,0.2311,0.2333,0.2278,0.2644,0.2278,,0.2267,,0.7143,0.4689,0.6612,0.6189,0.5358,0.5132,0.6797,0.6214,0.6088,
merged-10-checkpoints,44000,2.1483,2.0264,2.0058,3.0272,2.0638,1.8835,1.5784,,1.7925,,0.22,0.213,0.22,0.179,0.2191,0.2261,,,0.1982,,0.246,0.245,0.252,0.241,0.255,0.272,0.243,,0.257,,0.2444,0.2467,0.2389,0.2244,0.2267,0.2667,0.2289,,0.22,,0.7208,0.4535,0.6596,0.6162,0.5326,0.5168,0.6866,0.6313,0.604,
merged-10-checkpoints,45000,1.8251,2.0264,2.3072,3.0272,2.0638,1.8835,1.5784,,1.7925,,0.217,0.209,0.218,0.181,0.2211,0.2261,,,0.2002,,0.253,0.248,0.261,0.231,0.257,0.273,0.242,,0.255,,0.2444,0.2489,0.2444,0.2278,0.2267,0.2722,0.2322,,0.2156,,0.726,0.4637,0.6564,0.6162,0.5217,0.5155,0.6848,0.623,0.6057,
merged-10-checkpoints,46000,2.1483,2.0264,2.3072,3.0272,2.0638,1.8835,1.8577,,1.7925,,0.218,0.207,0.214,0.183,0.2262,0.2261,,,0.2002,,0.256,0.247,0.259,0.237,0.251,0.277,0.252,,0.249,,0.2456,0.25,0.2411,0.2344,0.23,0.2711,0.2333,,0.2167,,0.7208,0.4479,0.6525,0.6087,0.5251,0.5225,0.6791,0.6305,0.6057,
merged-10-checkpoints,47000,2.1483,2.0264,2.3072,3.0272,2.0638,1.8835,1.8577,,1.7925,,0.215,0.207,0.212,0.184,0.2262,0.2241,,,0.1992,,0.259,0.246,0.256,0.237,0.247,0.28,0.252,,0.249,,0.2433,0.2467,0.24,0.2322,0.2278,0.2689,0.2278,,0.2189,,0.7143,0.4505,0.6513,0.6095,0.5274,0.5168,0.6768,0.6206,0.6075,
merged-10-checkpoints,47684,2.1483,2.0264,2.3072,3.0272,2.0638,1.8835,1.8577,,1.7925,,0.215,0.204,0.213,0.183,0.2211,0.2251,,,0.2012,,0.257,0.244,0.254,0.237,0.249,0.276,0.252,,0.248,,0.2422,0.2478,0.24,0.2367,0.2267,0.2711,0.23,,0.2189,,0.7182,0.4517,0.6529,0.6115,0.529,0.5142,0.6785,0.6239,0.6084,
merged-2-checkpoints,47684,0.0,0.0,0.0,0.0,0.0,0.0,0.0,,0.0,,0.231,0.211,0.206,0.173,0.216,0.2181,,,0.2042,,0.269,0.242,0.271,0.241,0.263,0.24,0.245,,0.265,,0.2289,0.2456,0.2511,0.2467,0.2311,0.2456,0.2433,,0.2178,,0.6597,0.6169,0.6934,0.668,0.535,0.5322,0.6791,0.6362,0.661,
merged-3-checkpoints,47684,0.9676,0.0,0.8992,0.0,0.7138,0.0,1.1064,,3.6232,,0.228,0.218,0.211,0.181,0.2231,0.2131,,,0.1992,,0.268,0.243,0.255,0.249,0.262,0.239,0.237,,0.269,,0.24,0.2389,0.2522,0.2378,0.2233,0.2478,0.2489,,0.2322,,0.6338,0.619,0.6824,0.6491,0.5331,0.5695,0.7009,0.6864,0.6684,
merged-4-checkpoints,47684,4.9214,3.6877,2.999,2.4236,3.7152,2.3079,4.4772,,5.2226,,0.222,0.212,0.202,0.187,0.2191,0.2101,,,0.2022,,0.27,0.256,0.261,0.241,0.268,0.264,0.244,,0.259,,0.2244,0.2544,0.25,0.2433,0.2267,0.2578,0.2344,,0.24,,0.7208,0.5564,0.6761,0.6154,0.5454,0.5098,0.6757,0.6354,0.6462,
merged-5-checkpoints,47684,4.9214,3.1823,2.1148,2.4236,3.2001,2.3079,4.4772,,5.2226,,0.214,0.214,0.204,0.186,0.2211,0.2161,,,0.1881,,0.263,0.253,0.26,0.246,0.267,0.264,0.24,,0.257,,0.2222,0.2489,0.2511,0.2478,0.2356,0.2467,0.2267,,0.2433,,0.6597,0.6036,0.6745,0.5989,0.5368,0.5242,0.6659,0.6724,0.6319,
merged-6-checkpoints,47684,0.0,0.0,0.0,0.0,0.0,0.0,0.0,,0.0,,0.226,0.221,0.223,0.191,0.2191,0.2342,,,0.2042,,0.267,0.246,0.266,0.244,0.258,0.266,0.235,,0.252,,0.2311,0.2578,0.2411,0.2444,0.2278,0.2511,0.2344,,0.2178,,0.661,0.6332,0.7127,0.6079,0.5592,0.5262,0.6912,0.6765,0.6427,
merged-7-checkpoints,47684,0.0,0.0,0.0,0.0,0.0,0.0,0.0,,0.0,,0.218,0.22,0.209,0.184,0.2272,0.2271,,,0.2022,,0.274,0.245,0.257,0.24,0.258,0.27,0.238,,0.256,,0.2444,0.2611,0.24,0.2289,0.2244,0.2533,0.2289,,0.2233,,0.6649,0.619,0.6852,0.6295,0.5629,0.5222,0.6762,0.6091,0.6536,
merged-8-checkpoints,47684,0.0,0.0,0.0,0.0,0.0,0.0,0.0,,0.0,,0.219,0.215,0.212,0.182,0.2282,0.2271,,,0.1982,,0.247,0.248,0.255,0.255,0.258,0.269,0.256,,0.258,,0.2311,0.2444,0.2344,0.2378,0.24,0.2622,0.2311,,0.2156,,0.6753,0.6212,0.68,0.6221,0.542,0.5265,0.6946,0.6132,0.6519,
merged-9-checkpoints,47684,2.3598,4.1594,3.7543,2.6488,0.0,0.0,0.0,,1.8818,,0.22,0.22,0.203,0.179,0.2181,0.2302,,,0.2012,,0.262,0.242,0.262,0.247,0.262,0.265,0.254,,0.256,,0.2411,0.2456,0.2533,0.2378,0.2311,0.2433,0.2411,,0.2211,,0.6234,0.5341,0.6655,0.6068,0.5224,0.5242,0.6946,0.6313,0.6184,
gemma-2-2b,47684,43.8934,42.7486,47.4773,53.6528,47.5564,33.5008,38.8404,,51.9646,,0.682,0.38,0.452,0.439,0.3316,0.4291,,,0.4859,,0.745,0.506,0.588,0.586,0.519,0.531,0.459,,0.507,,0.59,0.4822,0.5289,0.5256,0.4944,0.4633,0.4211,,0.5233,,,,,,,,,,,
tiny-aya-base,47684,51.3744,36.9956,33.3465,56.0869,50.5559,26.4241,41.1999,,44.228,,0.651,0.455,0.488,0.477,0.3884,0.5106,,,0.499,,0.735,0.523,0.612,0.616,0.55,0.618,0.517,,0.56,,0.61,0.5356,0.5744,0.5856,0.5433,0.52,0.47,,0.5833,,,,,,,,,,,
EuroLLM-1.7B,47684,46.3442,35.3753,33.9066,59.0345,34.0144,43.2942,47.9968,,41.1981,,0.426,0.337,0.29,0.291,0.2535,0.3286,,,0.3441,,0.601,0.458,0.491,0.513,0.449,0.491,0.411,,0.459,,0.3678,0.3722,0.3744,0.3856,0.3856,0.3522,0.3411,,0.3889,,,,,,,,,,,
tiny-aya-fire,47684,52.3158,56.3014,52.7796,61.2778,49.7882,43.5808,50.5569,,38.5677,,0.643,0.476,0.506,0.511,0.432,0.5055,,,0.5191,,0.711,0.532,0.605,0.623,0.53,0.595,0.525,,0.542,,0.6078,0.5522,0.5789,0.5811,0.57,0.5511,0.4867,,0.5756,,,,,,,,,,,
tiny-aya-water,47684,42.2558,51.9273,45.3722,43.9087,37.9119,28.0988,51.5151,,36.581,,0.629,0.48,0.505,0.504,0.431,0.4985,,,0.5121,,0.696,0.507,0.595,0.609,0.513,0.591,0.514,,0.523,,0.6156,0.5467,0.58,0.5944,0.5544,0.5422,0.4778,,0.5833,,,,,,,,,,,
tiny-aya-earth,47684,42.2558,51.5783,49.3636,62.789,42.4415,45.7142,51.5151,,42.2618,,0.619,0.484,0.509,0.506,0.429,0.4905,,,0.506,,0.695,0.517,0.593,0.605,0.507,0.588,0.519,,0.523,,0.6033,0.55,0.58,0.5956,0.5567,0.5467,0.4733,,0.5711,,,,,,,,,,,
task-aya-checkpoints,47684,38.148,51.5783,46.787,65.0674,37.9119,52.5615,51.5151,,47.9944,,0.634,0.483,0.512,0.506,0.43,0.5015,,,0.5101,,0.704,0.518,0.599,0.61,0.521,0.598,0.517,,0.534,,0.61,0.5533,0.5789,0.5944,0.5633,0.5522,0.4789,,0.5822,,0.9779,0.8932,0.9532,0.9717,0.9371,0.914,0.8726,0.9103,0.9565,
linear-aya-checkpoints,47684,38.148,51.3293,46.787,62.789,37.9119,52.5615,51.5151,,42.2618,,0.634,0.482,0.508,0.502,0.429,0.4995,,,0.5101,,0.705,0.517,0.594,0.61,0.523,0.598,0.517,,0.536,,0.6089,0.5511,0.5789,0.5989,0.5633,0.5511,0.4822,,0.5833,,0.9779,0.8927,0.9528,0.9714,0.9368,0.9136,0.8731,0.9095,0.956,
widen-10-checkpoints,47684,7.8162,8.0693,7.8356,7.442,1.7119,8.461,6.2555,,9.0691,,0.208,0.208,0.215,0.192,0.211,0.2251,,,0.1952,,0.275,0.255,0.274,0.236,0.265,0.251,0.247,,0.257,,0.2367,0.26,0.2467,0.2467,0.2211,0.2544,0.2522,,0.24,,0.7377,0.3964,0.6242,0.5208,0.5415,0.5495,0.6682,0.6601,0.5836,
dareties-10-checkpoints,47684,1.4807,1.3929,0.8726,1.9374,1.8929,2.2722,1.6192,,2.1654,,0.213,0.207,0.22,0.192,0.2181,0.2171,,,0.2042,,0.271,0.244,0.265,0.25,0.25,0.262,0.257,,0.266,,0.2411,0.2456,0.2544,0.2378,0.2322,0.2322,0.2411,,0.2467,,0.6792,0.5036,0.6647,0.6044,0.5428,0.5498,0.6831,0.6387,0.6044,
ties-10-checkpoints,47684,15.7758,16.6824,16.6656,16.4096,4.8277,17.6824,14.0523,,15.9012,,0.219,0.211,0.204,0.198,0.2018,0.2281,,,0.2012,,0.263,0.24,0.261,0.215,0.264,0.258,0.263,,0.262,,0.2222,0.2567,0.2567,0.2344,0.2389,0.2333,0.24,,0.2378,,0.6714,0.5058,0.6505,0.5738,0.5371,0.5252,0.6607,0.6477,0.6275,
hplt2c_eng_checkpoints,47684,34.884,25.6747,27.0953,34.9807,7.2017,28.0869,20.5049,,26.4266,,0.544,0.23,0.282,0.257,0.2343,0.2503,,,0.2606,,0.65,0.31,0.343,0.323,0.257,0.314,0.302,,0.312,,0.4422,0.31,0.3389,0.3444,0.2456,0.3056,0.2922,,0.3133,,,,,,,,,,,
hplt2c_nld_checkpoints,47684,24.8423,32.8338,17.4442,30.5901,6.8842,24.4703,18.5416,,17.65,,0.341,0.379,0.216,0.238,0.2201,0.2211,,,0.2716,,0.398,0.456,0.288,0.314,0.26,0.296,0.289,,0.327,,0.3367,0.3956,0.2822,0.3389,0.2322,0.2778,0.2789,,0.3322,,,,,,,,,,,
hplt2c_spa_checkpoints,47684,19.4323,16.9736,43.7092,28.8528,6.3044,17.1663,17.1331,,29.6811,,0.317,0.224,0.381,0.266,0.2333,0.2945,,,0.2274,,0.395,0.285,0.51,0.34,0.259,0.326,0.309,,0.267,,0.3433,0.3111,0.4078,0.3267,0.2267,0.3144,0.2756,,0.2978,,,,,,,,,,,
hplt2c_fra_checkpoints,47684,51.7227,20.7898,18.0825,55.8097,6.5577,20.215,16.1745,,16.5218,,0.334,0.25,0.273,0.355,0.2333,0.2804,,,0.2555,,0.386,0.296,0.357,0.478,0.265,0.334,0.301,,0.288,,0.3656,0.3022,0.3244,0.4011,0.24,0.3367,0.2978,,0.3278,,,,,,,,,,,
hplt2c_rus_checkpoints,47684,26.1055,18.6113,16.0223,18.4106,26.112,16.1788,14.661,,15.3009,,0.331,0.225,0.212,0.248,0.3174,0.2291,,,0.2233,,0.333,0.269,0.283,0.285,0.45,0.286,0.307,,0.268,,0.3244,0.3078,0.27,0.29,0.4044,0.2978,0.2622,,0.2833,,,,,,,,,,,
hplt2c_tur_checkpoints,47684,14.4294,18.162,16.6608,24.2191,7.3201,18.6173,35.0782,,17.4848,,0.309,0.237,0.21,0.221,0.2333,0.2191,,,0.2294,,0.312,0.272,0.265,0.263,0.257,0.278,0.455,,0.277,,0.2811,0.2978,0.2733,0.3033,0.2422,0.2778,0.3489,,0.2878,,,,,,,,,,,
hplt2c_ita_checkpoints,47684,29.6601,14.8778,24.1979,18.7053,5.6425,42.6269,9.29,,14.663,,0.324,0.223,0.27,0.267,0.2383,0.3638,,,0.2435,,0.369,0.281,0.361,0.329,0.264,0.452,0.298,,0.266,,0.35,0.3022,0.3378,0.3244,0.2367,0.3522,0.2911,,0.3167,,,,,,,,,,,
hplt2c_ara_checkpoints,47684,26.2569,16.0401,18.2772,16.6377,4.2858,15.5425,16.2373,,24.8913,,0.303,0.227,0.206,0.242,0.2343,0.2281,,,0.2093,,0.327,0.263,0.282,0.278,0.26,0.29,0.312,,0.269,,0.2833,0.2878,0.2722,0.2967,0.2378,0.2811,0.2611,,0.2722,,,,,,,,,,,
hplt2c_deu_checkpoints,47684,38.6991,24.7312,18.4835,19.5875,6.2582,19.9661,12.2049,,27.7319,,0.304,0.257,0.238,0.242,0.2262,0.2633,,,0.3913,,0.367,0.298,0.299,0.292,0.251,0.295,0.302,,0.441,,0.3456,0.3167,0.2967,0.3311,0.2444,0.2978,0.2667,,0.3889,,,,,,,,,,,
hplt2c_zhos_checkpoints,47684,22.1781,18.4779,18.0506,18.7502,5.1916,17.2927,15.2905,,19.6592,,0.259,0.214,0.215,0.234,0.2272,0.2271,,,0.2203,,0.295,0.26,0.257,0.262,0.268,0.281,0.286,,0.27,,0.2811,0.2811,0.2422,0.2767,0.2344,0.27,0.2678,,0.28,,,,,,,,,,,
